{"_timestamp":1.7453455810183635e+09,"train_loss_epoch":0.13030482828617096,"_wandb":{"runtime":5016},"_runtime":5015.908692929,"_step":589,"train_loss_step":0.12799520790576935,"epoch":49,"trainer/global_step":26999}