{"_wandb":{"runtime":246},"validation batch":{"height":800,"_type":"image-file","sha256":"95dbd6fa7c670f354fcd0e83d1a325a044c43cd4b2f604629bdec5c0aea597d8","size":115313,"path":"media/images/validation batch_2_95dbd6fa7c670f354fcd.png","format":"png","width":800},"epoch":0,"train_loss":0.17522862553596497,"_runtime":143.161077532,"val_recall":0.0035928143188357353,"val_map":1.6240992408711463e-05,"_timestamp":1.747066473885218e+09,"val_precisions":0,"_step":5,"training batch":{"size":118507,"path":"media/images/training batch_5_262ce1d53d5bbe59baaa.png","format":"png","width":800,"height":800,"_type":"image-file","sha256":"262ce1d53d5bbe59baaa3beb5e07084c20d3907bb9e7430acc4db5771837ea8f"},"trainer/global_step":539}