{"trainer/global_step":27000,"_wandb":{"runtime":20824},"epoch":50,"test_map":6.405539897968993e-05,"_runtime":20824.444970444,"test_precisions":3.845044830086408e-06,"test_recall":0.014820359647274017,"train_loss_step":0.18596121668815613,"_step":590,"_timestamp":1.742848052008499e+09,"train_loss_epoch":0.1767137348651886}