{"train_loss_step":0.14627784490585327,"epoch":0,"trainer/global_step":249,"_timestamp":1.7459402148317537e+09,"_runtime":49.038484704,"_step":4,"_wandb":{"runtime":55}}