{"trainer/global_step":1079,"_timestamp":1.7459417349917908e+09,"_runtime":203.719261889,"_step":22,"train_loss_epoch":0.16823144257068634,"_wandb":{"runtime":204},"train_loss_step":0.18005682528018951,"epoch":1}