epoch,step,train_loss_epoch,train_loss_step
0,49,,0.12592004239559174
0,99,,0.13886186480522156
0,149,,0.1028817892074585
0,199,,0.13955089449882507
0,249,,0.19563132524490356
0,299,,0.138712078332901
0,349,,0.13936804234981537
0,399,,0.21435877680778503
0,449,,0.20950689911842346
0,499,,0.15093812346458435
0,539,0.21302352845668793,
1,549,,0.0608031190931797
1,599,,0.11523355543613434
1,649,,0.15390177071094513
1,699,,0.1759829819202423
1,749,,0.14512492716312408
