{"_runtime":575.623501441,"val_recall":0,"trainer/global_step":1949,"val_precisions":0,"val_map":0,"train_loss_step":0.06586411595344543,"train_loss_epoch":0.16186083853244781,"_wandb":{"runtime":597},"epoch":3,"_timestamp":1.7470584101522906e+09,"_step":44}