{"trainer/global_step":26999,"_timestamp":1.7447371873589025e+09,"_runtime":9294.834905309,"_step":589,"train_loss_step":0.12635572254657745,"train_loss_epoch":0.1225256398320198,"_wandb":{"runtime":9296},"epoch":49}