{"_timestamp":1.7459412052797806e+09,"_runtime":204.840661548,"_step":22,"train_loss_step":0.3009827136993408,"epoch":1,"train_loss_epoch":0.1717601865530014,"_wandb":{"runtime":205},"trainer/global_step":1079}