{"validation batch":{"path":"media/images/validation batch_2_0839ccafb4bebb6c312a.png","format":"png","width":800,"height":400,"_type":"image-file","sha256":"0839ccafb4bebb6c312a7c3bc399c6ff77bf777c0a11cb519974b38694656e0f","size":62293},"training batch":{"size":53338,"path":"media/images/training batch_5_a3676d34d4a69ba0f48c.png","format":"png","width":800,"height":400,"_type":"image-file","sha256":"a3676d34d4a69ba0f48ca5b371720fa5b3c599fa8cb56aed460f000b2237e827"},"_wandb":{"runtime":213},"val_map":0.0009519777377136052,"_timestamp":1.7470669271225538e+09,"_runtime":141.592078981,"epoch":0,"val_recall":0.031137725338339806,"train_loss":0.226470947265625,"_step":5,"trainer/global_step":539,"val_precisions":0.0009900990407913923}