{"_step":12,"train_loss_step":0.07994149625301361,"train_loss_epoch":0.18004506826400757,"_wandb":{"runtime":184},"epoch":1,"trainer/global_step":599,"_timestamp":1.7459407236122909e+09,"_runtime":114.431681516}