{"train_loss":0.19919031858444214,"_wandb":{"runtime":912},"val_recall":0.28862276673316956,"epoch":5,"_step":25,"_runtime":792.670492265,"val_map":0.09891451150178909,"trainer/global_step":3239,"val_precisions":0.04159604012966156,"validation batch":{"width":800,"height":400,"_type":"image-file","sha256":"db734755f275c7ecda13208d47be1b5b90a032962d436dc84e661a43323bbcbe","size":56235,"path":"media/images/validation batch_22_db734755f275c7ecda13.png","format":"png"},"training batch":{"sha256":"1ba1a1075f24cc6f59435bd344675810b4b484893c6c122f4a49f3ef36cbf063","size":80841,"path":"media/images/training batch_25_1ba1a1075f24cc6f5943.png","format":"png","width":800,"height":400,"_type":"image-file"},"_timestamp":1.7470677989988484e+09}